Enter password: **
Welcome to the MySQL monitor.  Commands end with ; or \g.
Your MySQL connection id is 4
Server version: 5.5.62 MySQL Community Server (GPL)

Copyright (c) 2000, 2018, Oracle and/or its affiliates. All rights reserved.

Oracle is a registered trademark of Oracle Corporation and/or its
affiliates. Other names may be trademarks of their respective
owners.

Type 'help;' or '\h' for help. Type '\c' to clear the current input statement.

mysql> select * from GTA;
ERROR 1046 (3D000): No database selected
mysql> use game;
Database changed
mysql> select * from GTA;
+-----------+----------+--------------+--------------+-----------+------------+-----------+
| char_name | weapons  | vehicles     | business     | inventory | speciality | char_code |
+-----------+----------+--------------+--------------+-----------+------------+-----------+
| Ragnar    | auto_smg | santro       | cash factory | tools     | skyfall    | codemeta  |
| Michael   | SMG      | GhostTourism | Cocaine      | Cargo     | Tracker    | NULL      |
+-----------+----------+--------------+--------------+-----------+------------+-----------+
2 rows in set (0.00 sec)

mysql> select * from GTA where inventory="tools";
+-----------+----------+----------+--------------+-----------+------------+-----------+
| char_name | weapons  | vehicles | business     | inventory | speciality | char_code |
+-----------+----------+----------+--------------+-----------+------------+-----------+
| Ragnar    | auto_smg | santro   | cash factory | tools     | skyfall    | codemeta  |
+-----------+----------+----------+--------------+-----------+------------+-----------+
1 row in set (0.00 sec)

mysql>